[
  {
    "id": "SP-1001",
    "title": "March of the Morning Star",
    "composer": "P. Casey",
    "grade": "1.5",
    "duration": "2:10",
    "price": 55.0,
    "tempo": "\u2669=120",
    "style": "Concert March",
    "description": "A bright, accessible concert march.",
    "instrumentation": [
      "Flute",
      "Clarinet",
      "Alto Sax",
      "Trumpet",
      "Trombone",
      "Percussion"
    ],
    "audio": "assets/sample-audio.wav",
    "cover": "assets/preview.png",
    "preview": "Coming soon",
    "tags": [
      "march",
      "festival"
    ]
  }
]